Topic,Count,Name,Representation,Representative_Docs
-1,960,-1_der_die_zu_problem,"['der', 'die', 'zu', 'problem', 'und', 'ich', 'das', 'um', 'sie', 'auf']","['Istcstdliben bei digitalen Kampagnen\nSehr geehrte Kundenservice, ich schreibe Ihnen, um einen Fehler bei meinen digitalen Kampagnen zu melden, der sich nicht mit Schoology und Twitch Studio synchronisiert. Der Fehler trat nach der neuesten Aktualisierung von Laravel 8 auf, was ich für potenzielle Integrationsschäden halte. Ich habe versucht, das Problem durch Neustart des NZXT Kraken Z63, Löschen der Cache-Dateien und Neustart des Acer Predator XB273K zu beheben. Leider hat keines dieser Schritte das Problem gelöst. Ich würde es sehr schätzen, wenn Sie sich mit dieser Angelegenheit befassen und uns so bald wie möglich eine Lösung bieten könnten. Bitte lassen Sie mich wissen, ob wir zusätzliche Informationen benötigen, um die Untersuchung durchzuführen. Danke für Ihre Zeit und Ihre Unterstützung. Ich freue mich darauf, von Ihnen zu hören.', 'Probleme bei der Anmeldung - heute\nSehr geehrte Kundenservice, ich möchte Ihnen mitteilen, dass ich ein Problem mit einer unerwarteten Anmeldedauer beobachtet habe. Die Verzögerung trat erst kürzlich auf und könnte auf eine jüngste Systemaktualisierung zurückzuführen sein. Ich habe meinen Webbrowser neugestartet und das Cache geleert, aber das Problem bleibt bestehen. Ich würde mich freuen, wenn Sie dies in Erfahrung bringen und so schnell wie möglich eine Lösung anbieten könnten. Bitte melden Sie sich bei mir, wenn Sie weitere Informationen von mir benötigen, um dieses Problem zu lösen. Vielen Dank für Ihr Verständnis und Ihre Unterstützung. Ich freue mich darauf, von Ihnen zu hören.', 'Probleme mit den Integrationswerkzeugen\nSehr geehrte Kundenservice, ich schreibe Ihnen, um mehrere integrierte Werkzeuge zu melden, die fehlerhaft zu sein scheinen. Das Problem könnte auf Kompatibilitätsprobleme zurückzuführen sein. Ich habe bereits versucht, die Dienste neu zu starten und die API-Schlüssel zu überprüfen, aber das Problem behält sich bestehen. Ich würde es sehr schätzen, wenn Sie sich dieser Angelegenheit zuwenden und so schnell wie möglich eine Lösung anbieten könnten. Bitte informieren Sie mich, falls Sie weitere Informationen benötigen. Danke für Ihre Unterstützung und ich freue mich darauf, bald von Ihnen zu hören.']"
0,1356,0_problem_der_zu_das,"['problem', 'der', 'zu', 'das', 'die', 'und', 'ich', 'mit', 'auf', 'bei']","['Dringend: Recruiting-Plattform den ganzen Tag ausgefallen\nSehr geehrte Damen und Herren vom Support,\\n\\nich melde mich, um ein kritisches Problem mit dem Recruiting-System zu melden, das seit heute Morgen besteht. Der vollständige Ausfall der Plattform blockiert alle Bewerbungen und die Bearbeitung von Angeboten, wodurch unser gesamter Einstellungsprozess zum Erliegen kommt. Diese Situation ist besorgniserregend, da wir riskieren, vielversprechende Kandidaten zu verlieren, wenn das Problem nicht schnell behoben wird. Ich habe bereits versucht, das Problem zu beheben, indem ich das System neu gestartet habe, aber das Problem besteht weiterhin. Zu Ihrer Information habe ich einen Screenshot der Fehlermeldung angehängt. Könnten Sie dies bitte umgehend an das zuständige Team eskalieren und eine dringende Lösung anbieten? Ihre Hilfe wäre sehr willkommen.', 'Probleme mit nicht synchronisierten Projektterminplänen\nSehr geehrte Kundensupport, ich melde mich, um ein Problem mit den Projektterminkalendern zu melden, die korrekt über mehrere Systeme nicht synchronisiert werden. Dies führt zu unübersichtlichem und verzögertem Arbeitsablauf. Ich vermute, dass dies darauf zurückzuführen ist, dass die Integrationsfunktionen mit den drittanbieterbasierten Werkzeugen, die wir verwenden, fehlschlagen. Obwohl ich versucht habe, diese Dienste neu zu starten und die API-Verbindungen zu überprüfen, scheint das Problem weiterhin bestehen zu bleiben. Ich würde gern, dass Sie dieses Problem untersuchen und so bald wie möglich eine Lösung anbieten. Bitte lassen Sie mich wissen, falls Sie weitere Informationen benötigen. Ich stehe Ihnen zur Verfügung, um weitere Details zu liefern oder auf Ihre Fragen einzugehen. Ich freue mich auf Ihre Rückmeldung. Ich danke Ihnen im Voraus für Ihr Verständnis und Ihre Unterstützung. Ich freue mich darauf, von Ihnen zu hören.', 'Probleme bei der Überprüfung der Teilekompatibilität\nHalloSupport-Team,\\n\\nich schreibe Ihnen, um über zeitweise auftretende Fehler bei der Überprüfung der Teilekompatibilität innerhalb der Advance Auto Parts App zu berichten. Dies führt zu Verzögerungen in unseren Wartungsabläufen. Das Problem wurde auf einem Android-Gerät festgestellt, hauptsächlich seit dem letzten App-Update. Es gibt zwar eine manuelle Umgehungsmöglichkeit, aber diese ist umständlich und verlängert den Prozess erheblich. Ich habe einen Screenshot der Fehlermeldung zu Ihrer Information beigefügt. Dieses Problem trat zum ersten Mal vor etwa einer Woche auf. Ich habe bereits versucht, die App neu zu starten und sicherzustellen, dass sie auf dem neuesten Stand ist, aber das Problem besteht weiterhin. Ich würde mich über Ihre Hilfe bei der Lösung dieses Problems freuen.']"
1,805,1_daten_und_die_zu,"['daten', 'und', 'die', 'zu', 'medizinischer', 'medizinische', 'um', 'in', 'sie', 'der']","['Frage zu Schutzmaßnahmen für medizinische Daten\nSehr geehrte Kundenservice, ich wende mich an Sie, um nach den von Ihnen empfohlenen Schutzmaßnahmen für die Sicherung medizinischer Daten in unserem Krankenhauses Netzwerk zu fragen. Wir verwalten sensible Patientendaten und möchten sicherstellen, dass diese vor unbefugtem Zugriff geschützt sind. Könnten Sie uns bitte einige Anleitungen zu den besten Praktiken für die Sicherung medizinischer Daten geben? Wir würden alle Empfehlungen sehr schätzen, die Sie uns anbieten können. Vielen Dank für Ihre Zeit und Unterstützung. Ihr ehrlich, [Ihr Name]', '\nSehr geehrter Kundenservice, ich kontaktiere Sie, um Ihre Unterstützung bei der Implementierung verbesserter Sicherheitsprotokolle zum Schutz medizinischer Daten zu erbitten. Es ist von entscheidender Bedeutung, die Vertraulichkeit und Integrität der Patientendaten zu gewährleisten. Ich möchte die Systeme und Geräte auf den neuesten Sicherheitsstandard aktualisieren. Bitte stellen Sie Anleitungen zu bewährten Praktiken und Verfahren für die Sicherung medizinischer Daten auf IT-Plattformen und Geräten im Krankenhaus bereit. Ich schätze Ihre Hilfe in dieser Angelegenheit und freue mich auf eine zeitnahe Rückmeldung. Vielen Dank für Ihre Unterstützung.', 'Meldung über einen Verschlüsselungsfehler medizinischer Daten\nBeschreibung: Ein Verschlüsselungsfehler medizinischer Daten ist aufgetreten. Möglicherweise aufgrund eines Software-Update-Fehlers. Maßnahmen: Die Server wurden neugestartet und die Firewall-Einstellungen überprüft. Das Problem besteht jedoch weiterhin und wir benötigen dringend Unterstützung, um es zu beheben und weitere Datensicherheitsprobleme zu vermeiden. Wir würden es sehr schätzen, wenn Sie diese Angelegenheit schnell untersuchen und uns ein Lösungsansatz oder Anweisungen zur Vorgehensweise geben könnten. Bitte teilen Sie uns mit, wenn Sie weitere Informationen benötigen, um die Untersuchung und den Handlungsplan für diesen Fall voranzutreiben. Die Sicherheit unserer medizinischen Daten ist von entscheidender Bedeutung und wir zählen auf Ihre Unterstützung, um ihre Integrität zu gewährleisten.']"
2,614,2_und_ich_zu_integration,"['und', 'ich', 'zu', 'integration', 'die', 'fr', 'mich', 'sie', 'von', 'zur']","['Detaillierte Informationen zu Datenanalyse-Lösungen\nSehr geehrte Kundensupport, ich hoffe, Sie gesund und wohlauf zu finden. Ich würde gerne mehr über Datenanalyse-Codes, deren Optimierung und Investitionsstrategien erfahren. Könnten Sie mir detaillierte Informationen zur Verfügung stellen, wie Tools und Techniken, die zur Analyse von Marktrichtungen und Prognosen verwendet werden? Es wäre sehr hilfreich, wenn Sie mir ein paar erfolgreiche Beispiele oder Fallstudien zeigen könnten. Darüber hinaus wäre ich an mehr Anpassungsoptionen und der bereitgestellten Unterstützung interessiert. Ich freue mich auf Ihre Rückmeldung und danke Ihnen im Voraus für Ihre Unterstützung. Ich freue mich darauf, bald von Ihnen zu hören.', 'Unterstützung für Mini-Beamer-Integration\nSehr geehrte Customer Support-Team, ich möchte mich an Sie wenden, um mehr über die Möglichkeiten der Integration des Mini-Beamers mit Ihrem Projektmanagement SaaS zu erfahren. Könnten Sie mir bitte Details und Anleitungen zu verschiedenen Integrationsmöglichkeiten geben? Zudem wäre ich sehr dankbar für jegliche Ressourcen, die mir helfen, damit anzufangen. Ob es für die Integration bestimmte Anforderungen oder Einschränkungen gibt, möchten wir auch gerne wissen. Ich freue mich auf eine schnelle Rückmeldung. Vielen Dank für Ihre Mühe und Ihre Unterstützung. Ich freue mich darauf, von Ihnen zu hören.', 'Support für Integration erforderlich\nSehr geehrte Kundensupport, ich wende mich an Sie, um Unterstützung bei der Integration von Microsoft Translator in eine Projektmanagement-Software als Dienst (SaaS) zu erhalten. Könnten Sie mir Ratschläge geben, wie dies bewerkstelligt werden kann? Ich möchte wissen, welche Schritte erforderlich sind und ob es bestimmte Anforderungen oder Beschränkungen gibt, die ich beachten sollte. Freue mich darauf, wenn Sie mir Dokumentation oder weitere Ressourcen zur Verfügung stellen können. Darüber hinaus interessiert mich der Zusammenhang mit den Kosten dieser Integration. Ich freue mich auf Ihre Rückmeldung, um die Integration zu erkunden.']"
3,554,3_die_digitalen_zu_und,"['die', 'digitalen', 'zu', 'und', 'strategien', 'digitale', 'digital', 'ich', 'sie', 'um']","['Strategien für Markenwachstum\nSehr geehrte Kundenservice, ich schreibe an, um Fragen zu digitalen Strategien zu stellen, wie man diese einsetzt, um das Markenwachstum zu fördern. Könnten Sie mir mehr Informationen zu den Methoden und Techniken geben, die Sie verwenden, um das Markenbewusstsein und die Zusammenarbeit mit den Kunden zu erhöhen? Ich freue mich darauf, Informationen zu erhalten und das Thema bereitzustellen, einschließlich erfolgreicher Kampagnen und Initiativen. Darüber hinaus würde ich gerne erfahren, welche Ressourcen und Werkzeuge empfohlen werden, die für Unternehmen geeignet sind, deren digitale Präsenz verbessert werden soll. Ich danke Ihnen für Ihre Unterstützung und freue mich darauf, von Ihnen zu hören.', 'Verbessern Sie Ihre Marke durch optimale Strategien\nSehr geehrte Kundensupport, ich hoffe, es geht Ihnen gut. Ich möchte pesquisa, ob wir unsere digitalen Marketingstrategien verbessern können, um unser Wachstum zu fördern und die Kundenbindung zu stärken. Als Unternehmer bin ich der Meinung, dass eine starke Onlinepräsenz und effektive Kundenbindung unerlässlich sind. Ich bin jedoch nicht sicher, welche Werkzeuge wir einsetzen können, um dies zu erreichen. Ich würde Rat schätzen, was für uns die besten digitalen Marketingwerkzeuge sind und wie wir sie nutzen können, um unsere Geschäftsziele zu erreichen. Insbesondere interessieren mich Social Media-Verwaltung, E-Mail-Marketing und Suchmaschinenoptimierung. Ich glaube, dass die Weiterentwicklung unserer digitalen Marketingstrategien dazu beitragen wird, die Sichtbarkeit unserer Marke zu erhöhen, die Kundenbindung zu stärken und letztendlich mehr Verkaufszahlen zu erzielen. Ich schätze jede Empfehlung und Beratung, die Sie mir geben können, und fordere Sie auf, mir darüber Auskunft zu geben. Darüber hinaus möchte ich mehr erfahren über die Kosten dieser Werkzeuge und den daraus resultierenden Nutzen. Ich freue mich darauf, von Ihnen zu hören und Möglichkeiten zu finden, unsere digitalen Marketingaktivitäten zu verbessern. Vielen Dank für Ihre Zeit und Unterstützung. Herzliche Grüße, [Ihr Name]', 'Digitale Markenentwicklung\nSehr geehrte Kundenservice, ich schreibe Ihnen, um Fragen zu digitalen Strategien zu stellen, insbesondere um Verbesserungen bei der Markenentwicklung für unsere Kunden zu erzielen. Wir nutzen Squarespace und ClickUp, um diese Strategien umzusetzen. Könnten Sie detaillierte Informationen über den Anwendungsbereich und die Plattformen geben, die wir verwenden, um das Markenbewusstsein und das Engagement zu erhöhen? Ich bin interessiert, mehr über spezifische Werkzeuge und Funktionen zu erfahren, die wir verwenden können, um das Wachstum und die Gesamtergebnisse unserer Marken zu verbessern. Ich freue mich darauf, Informationen zu erhalten, die den Erfolg unserer Strategien messen und die erwarteten Ergebnisse der Kunden ermöglichen. Vielen Dank für Ihre Zeit.']"
4,217,4_fr_anfrage_bezglich_die,"['fr', 'anfrage', 'bezglich', 'die', 'ihnen', 'der', 'sie', 'um', 'und', 'diese']","['Anfrage bezüglich der Daten des Schwachstellen-Scans\nSehr geehrtes Support-Team,\\n\\nwir schreiben Ihnen, um Zugriff auf die Ergebnisse des Schwachstellen-Scans des letzten Quartals für das Kanban-System von TaskForge zu erhalten. Diese Daten werden für die Compliance-Prüfung benötigt. Die interne Sicherheitsabteilung benötigt diese Archivdaten, um sicherzustellen, dass wir auf dem neuesten Stand sind.\\n\\nKönnten Sie uns bitte den erforderlichen Zugriff gewähren und die entsprechenden Berichte zusenden? Ihre Unterstützung in dieser Angelegenheit wird sehr geschätzt. Bitte beachten Sie, dass dies eine Anfrage mit niedriger Priorität ist, und wir würden es begrüßen, wenn dies so schnell wie möglich erledigt werden könnte.\\n\\nVielen Dank für Ihre Zeit und Mühe.\\n\\nMit freundlichen Grüßen,\\n<name>', 'Anfrage bezüglich der Verfügbarkeit von saisonalen Produkten\nSehr geehrtes Support-Team,\\n\\nich schreibe Ihnen, um einen Bericht über die Verfügbarkeit saisonaler Produkte für EcoLogix CSA anzufordern. Dieser Bericht würde unsere Bemühungen zur Verfolgung der Nachhaltigkeit und zur Beschaffungsplanung im Unternehmen erheblich unterstützen. Wir sind insbesondere an einem Überblick über die Arten von Produkten interessiert, die in dieser Saison verfügbar sein werden. Diese Informationen ermöglichen es uns, unsere Bestellplanung zu verfeinern und die Übereinstimmung mit unseren Nachhaltigkeitszielen sicherzustellen.\\n\\nKönnten Sie uns diese Informationen bitte so bald wie möglich zukommen lassen? Wir wären Ihnen für alle Details dankbar, die Sie uns anbieten können. Vielen Dank für Ihre Zeit und Ihre Unterstützung.\\n\\nMit freundlichen Grüßen,\\n<name>', 'Anfrage bezüglich archivierter Bewässerungssystemzeichnungen\nSehr geehrte Damen und Herren,\\n\\nich schreibe Ihnen, um archivierte Schaltpläne für CNC-Fräser anzufordern, insbesondere solche, die sich auf die Spezifikationen von Bewässerungskomponenten beziehen. Ich benötige diese Informationen für bevorstehende Aktualisierungen eines Landschaftsbauprojekts während der Projektplanungsphase.\\n\\nDies ist eine Anfrage mit niedriger Priorität. Ich wäre Ihnen dankbar, wenn Sie mir bei der Beschaffung dieser Schaltpläne behilflich sein könnten. Bitte teilen Sie mir mit, ob diese Dokumente zugänglich sind oder nicht. Vielen Dank für Ihre Zeit und ich freue mich auf Ihre Antwort.\\n\\nMit freundlichen Grüßen,\\n<name>']"
5,103,5_der_problem_zu_die,"['der', 'problem', 'zu', 'die', 'um', 'und', 'wir', 'mit', 'auf', 'das']","['Wichtig: Sofortige Maßnahmen erforderlich - Fehlfunktion des Spamfilters\nAn das Support-Team,\\n\\nich melde ein erhebliches Problem mit dem XenForo 2.2 Spamfilter. Trotz aktiver Filter, die den Benutzerzugang verhindern sollen, haben wir einen starken Anstieg von Spam-Beiträgen festgestellt, die unsere Sicherheitsmaßnahmen umgehen. Obwohl diese Benutzer gesperrt wurden, können sie sich weiterhin im Forum anmelden, was die Gesundheit der Community gefährdet. Ich habe versucht, das Problem zu beheben, indem ich Filterkonfigurationen geändert und IPs blockiert habe, aber das Problem besteht weiterhin. Ich habe Screenshots sowohl der Spam-Beiträge als auch der aktuellen Filtereinstellungen beigefügt, um Ihre Überprüfung zu erleichtern. Ihre Hilfe bei der Lösung dieses Problems wäre sehr willkommen.', 'Sofortige Aufmerksamkeit erforderlich: Fehlfunktion des Spamfilters\nSehr geehrte Support-Mitarbeiter,\\n\\nich kontaktiere Sie, um ein erhebliches Problem mit dem XenForo 2.2 Spamfilter zu melden. Wir haben einen deutlichen Anstieg von Spam-Beiträgen festgestellt, die unsere Sicherheitsmaßnahmen umgehen, und das trotz der Filter, die wir implementiert haben, um solche Inhalte zu blockieren und beleidigende Konten zu sperren.\\n\\nEs scheint, dass gesperrte Benutzer immer noch Zugang zu unseren Foren erhalten, was die Integrität der Community gefährdet. Ich habe bereits versucht, das Problem zu beheben, indem ich die Filterkonfigurationen geändert und IPs blockiert habe, aber das Problem besteht weiterhin.\\n\\nZu Ihrer Information habe ich einen Screenshot sowohl der Spam-Beiträge als auch der Filtereinstellungen beigefügt. Ich wäre Ihnen dankbar, wenn Sie mir so schnell wie möglich bei dieser Angelegenheit behilflich sein könnten.', 'Schwerwiegendes Problem: Fehlfunktion des Spamfilters erfordert sofortige Aufmerksamkeit\nAn das Support-Team,\\n\\nich schreibe Ihnen, um ein kritisches Problem mit dem XenForo 2.2 Spamfilter zu melden. Wir erleben derzeit einen signifikanten Anstieg von Spam-Beiträgen, die unsere Sicherheitsmaßnahmen umgehen, obwohl wir Filter eingerichtet haben, um Benutzer einzuschränken. Diese gesperrten Personen können auf unerklärliche Weise immer noch auf unsere Foren zugreifen, was die Integrität der Community gefährdet. Wir haben versucht, dieses Problem zu beheben, indem wir die Filterkonfigurationen geändert und IP-Adressen blockiert haben, aber das Problem besteht weiterhin. Ich habe einen Screenshot beigefügt, der sowohl die Spam-Beiträge als auch die Filtereinstellungen zu Ihrer Information zeigt. Ihre umgehende Unterstützung in dieser Angelegenheit wäre sehr wertvoll.']"
6,95,6_der_problem_billing_the,"['der', 'problem', 'billing', 'the', 'die', 'und', 'auf', 'lsung', 'to', 'bei']","['Anfrage bezüglich der Überprüfung von Gutscheincodes\nHallo Support-Team,\\n\\nich schreibe Ihnen, um Unterstützung bei Problemen mit der Validierung von Gutscheincodes anzufordern, die wir auf der E-Commerce-Plattform von BrandPulse Digital haben. Beim Testen unserer aktuellen Werbekampagne haben wir ein wiederkehrendes Problem festgestellt, bei dem Gutscheincodes nicht wie erwartet validiert werden. Ich habe versucht, dieses Problem mit verschiedenen Browsern und Geräten zu reproduzieren, aber das Problem besteht weiterhin. Ich wäre Ihnen dankbar, wenn Sie uns bei der zeitnahen Lösung dieses Problems unterstützen könnten.\\n\\nBitte lassen Sie mich wissen, wenn Sie weitere Informationen von meiner Seite benötigen.\\n\\nVielen Dank für Ihre Zeit und Unterstützung.\\n\\nMit freundlichen Grüßen,\\n<name>', 'Unerwartete Kosten auf meiner letzten Rechnung\nIn meiner letzten Rechnung waren unerwartete Kosten für nicht verwendete Produkte enthalten. Ich habe bereits meine Kontoeinstellungen und die Rechnungsdaten überprüft und Kontakt zum Support getroffen, aber das Problem behält sich beständig. Ich denke, dass der Auslöser möglicherweise ein Fehler in der Synchronisierung der Abonnements ist. Ich würde sehr schätzen, wenn Sie das Problem untersuchen und eine Lösung anbieten könnten.', 'Probleme mit fehlenden Produktgebühren\nSehr geehrte Kundenservice-Abteilung, ich melde mich an, um ein Problem mit fehlenden Produktgebühren vorzubringen. Es scheint, dass verschiedene Gebühren nicht ordnungsgemäß berechnet werden, und ich denke, dass dies möglicherweise auf einen Fehler im Rechnungssystem zurückzuführen ist. Ich habe meine Rechnungen bereits geprüft und bin in Kontakt mit Ihnen getreten, aber das Problem behält sich bestanden. Ich würde es sehr schätzen, wenn Sie sich um dieses Problem kümmern und so schnell wie möglich eine Lösung anbieten könnten. Bitte benachrichtigen Sie mich, falls Sie weitere Informationen benötigen, um die Untersuchung zu erleichtern. Ich bin besorgt, dass dieses Problem mich möglicherweise von wichtigen Produkten und Dienstleistungen ausschließen könnte, und ich möchte es schnell lösen. Vielen Dank für Ihre Unterstützung in dieser Angelegenheit. Ich freue mich darauf, von Ihnen bald wieder zu hören.']"
7,70,7_problem_der_ich_mit,"['problem', 'der', 'ich', 'mit', 'habe', 'lsung', 'die', 'das', 'und', 'eine']","['Problem mit der Synchronisierung von Untertiteln beim Streaming\nSehr geehrtes Support-Team,\\n\\nich schreibe Ihnen, um ein Problem mit der Synchronisierung von Untertiteln beim Streaming auf meinem Epson Home Cinema 5050UB zu melden. Ich wäre Ihnen dankbar für jede Unterstützung, die Sie mir bei der Anpassung der Einstellungen zur Behebung dieses Problems zukommen lassen könnten.\\n\\nKonkret tritt dieses Problem auf einem Windows 10 PC mit dem Chrome-Browser auf. Ich habe bereits versucht, das Gerät neu zu starten, aber das Problem besteht weiterhin. Ich wäre Ihnen dankbar, wenn Sie mir so schnell wie möglich bei der Lösung dieses Problems helfen könnten.\\n\\nVielen Dank für Ihre Zeit und Unterstützung.\\n\\nMit freundlichen Grüßen,\\n<name>', 'Problem mit der Untertitel-Synchronisation\nAn das Support-Team,\\n\\nich melde ein Problem mit der Untertitel-Synchronisation, das ich auf der Streaming-Plattform beim Abspielen eines Films festgestellt habe. Das Problem tritt zeitweise auf meinem Windows 10-Gerät auf, insbesondere bei der Verwendung des Google Chrome-Browsers. Ich habe versucht, das Problem zu beheben, indem ich den Film neu gestartet und die Untertiteleinstellungen angepasst habe, jedoch ohne Erfolg; das Problem besteht weiterhin. Ich habe einen Screenshot des Problems an diese E-Mail angehängt. Dieses Problem begann gestern gegen 21:00 Uhr. Ich wäre Ihnen dankbar, wenn Sie diese Angelegenheit untersuchen und so schnell wie möglich eine Lösung anbieten könnten.', 'Bericht über ein Problem mit der Untertitel-Synchronisierung\nAn das Support-Team,\\n\\nich schreibe Ihnen, um ein Problem mit der Untertitel-Synchronisierung zu melden, das auf der Streaming-Plattform während der Filmwiedergabe aufgetreten ist. Das Problem tritt zeitweise auf, und zwar speziell auf einem Windows 10-Gerät bei Verwendung des Google Chrome-Browsers. Ich habe versucht, das Problem zu beheben, indem ich den Film neu gestartet und die Untertiteleinstellungen angepasst habe, aber das Problem besteht weiterhin. Ich habe auch einen Screenshot des Problems an diese E-Mail angehängt. Dieses Problem begann gestern Abend gegen 21:00 Uhr. Ich wäre Ihnen dankbar, wenn Sie diese Angelegenheit untersuchen und so bald wie möglich eine Lösung anbieten könnten.']"
8,69,8_der_zu_das_fr,"['der', 'zu', 'das', 'fr', 'problem', 'die', 'ich', 'auf', 'mit', 'ist']","['PetTaxi-Serviceunterbrechung verursacht heute Transportverzögerungen\nSupport-Team, wir haben ein Problem mit dem EcoLogix PetTaxi-System. Dieser Ausfall führt zu Störungen bei geplanten Tiertransporten. Ich habe bereits versucht, das System neu zu starten, aber das Problem besteht weiterhin. Ich wäre Ihnen dankbar, wenn Sie uns schnell helfen könnten, das Problem so schnell wie möglich zu lösen. Wir benötigen eine Lösung innerhalb der nächsten 4 Stunden. Vielen Dank für Ihre prompte Aufmerksamkeit in dieser Angelegenheit. Mit freundlichen Grüßen, <name>', 'Anfrage bezüglich Fehlfunktion der Haustierbuchungsfunktion\nHallo Support-Team,\\n\\nich schreibe Ihnen, um ein Problem zu melden, das ich in der EcoTransit-Anwendung festgestellt habe. Insbesondere scheint die Funktion zur Buchung von Tiertransporten in der App nicht richtig zu funktionieren. Ich kann über die App kein Fahrzeug buchen, das für Haustiere geeignet ist. Es ist anzumerken, dass die Website wie erwartet funktioniert; wenn ich jedoch versuche, den haustierfreundlichen Service innerhalb der App auszuwählen, tritt ein Fehler auf.\\n\\nIch habe bereits versucht, das Problem zu beheben, indem ich die Anwendung neu gestartet habe. Das Problem besteht jedoch weiterhin. Könnten Sie das bitte untersuchen und innerhalb der nächsten 24 Stunden eine Lösung anbieten? Ich habe einen Screenshot der Fehlermeldung zu Ihrer Information beigefügt. Vielen Dank für Ihre Hilfe in dieser Angelegenheit.\\n\\nMit freundlichen Grüßen,\\n<name>', 'Anfrage: Probleme mit dem Pet Wellness Portal\nSehr geehrtes Support-Team,\\n\\nich schreibe Ihnen, um einige Probleme zu melden, die ich mit dem Pet Wellness Portal habe. Insbesondere treten beim Versuch, über das Portal von PeakPerformance Gyms Tierarzttermine zu buchen, sporadisch Fehler auf. Trotz wiederholter Versuche besteht das Problem weiterhin.\\n\\nObwohl ich als vorübergehende Lösung Termine telefonisch vereinbaren konnte, wäre ich Ihnen sehr dankbar, wenn Sie diese Angelegenheit untersuchen und die Buchungsverzögerungen beheben könnten. Die Behebung ist mir wichtig, und ich möchte, dass dieses Problem so schnell wie möglich gelöst wird.\\n\\nVielen Dank für Ihre Zeit und Hilfe.\\n\\nMit freundlichen Grüßen,\\n<name>']"
9,47,9_investmentprognosen_investitionsprognosen_das_die,"['investmentprognosen', 'investitionsprognosen', 'das', 'die', 'the', 'problem', 'zu', 'datenquellen', 'ungenaue', 'ich']","['Nicht genaue Investment-Prognosen gemeldet\nSehr geehrte Kundenservice, ich schreibe an dieser Stelle, um ungenaue Investment-Prognosen zu melden. Die prädiktiven Modelle haben aufgrund veralteter Marktdaten oder fehlerhaften Algorithmen falsche Ergebnisse erbracht. Ich habe versucht, die Modelle zu aktualisieren und die Datensätze zu erneuern, aber das Problem behält sich bestanden. Ich würde es schätzen, wenn Sie sich dieses Problem genauer ansehen und eine Lösung anbieten könnten. Ich danke Ihnen im Voraus für Ihre Zeit und Unterstützung.', 'Bericht über ungenaue Investment-Prognose-Issue\nEs gibt Probleme mit ungenauen Investment-Prognosen, die auf Ungerechtigkeiten in der Datenanalyse-Modellierung zurückzuführen sind. Die veralteten Algorithmen scheinen die Ursache zu sein. Versuche, das Modell neu zu kalibrieren und die Datenquellen zu überprüfen, haben gemischte Ergebnisse gebracht. Wir benötigen Unterstützung, um das Problem so schnell wie möglich zu lösen.', 'Probleme mit Investment-Prognosen\nSehr geehrte Kundenservice, ich schreibe an diesem Anliegen mit Bezug zur Unfähigkeit der Investment-Prognosen auf Ihrer Plattform. Kürzlich sind die Prognosen nicht mehr korrekt, was zu erheblichen Verlusten geführt hat. Ich denke, dass dies auf ein Missverständnis im Datenaufbereitungs-Tool zurückzuführen sein könnte. Um das Problem zu diagnosieren, habe ich Alteryx neu gestartet und die Datensätze überprüft, aber das Problem beharrt. Ich würde es sehr schätzen, wenn Sie das Problem dringend untersuchen und eine Lösung für den Stand der Dinge bereitstellen könnten. Bitte teilen Sie mich mit, ob es weitere Schritte von meiner Seite gibt, um das Problem zu beheben. Ich verwende Ihre Plattform für meine Investitionsentscheidungen, und die Genauigkeit ist für mein Unternehmen von zentraler Bedeutung. Ich hoffe, dass Sie die Schwere der Situation verstehen und unverzüglich einen Lösungsansatz für die Prognose finden. Vielen Dank für Ihr Vorhaben, sich mit diesem Problem zu befassen. Ich freue mich darauf, bald von Ihnen zu hören.']"
10,34,10_farbanpassung_der_ich_bei,"['farbanpassung', 'der', 'ich', 'bei', 'zu', 'fr', 'habe', 'die', 'bezglich', 'untersttzung']","['Problem mit der Farbanpassung im Virtuellen Anprobieren\nHallo Support-Team,\\n\\nich schreibe Ihnen, um ein Problem zu melden, das ich in der virtuellen Anprobierfunktion von YouCam Makeup festgestellt habe. Gelegentlich ist die Farbanpassung ungenau, was zu einem ungleichmäßigen Erscheinungsbild führt. Als vorläufige Lösung habe ich versucht, die manuelle Farbauswahl zu verwenden, was eine gewisse Verbesserung bietet. Ich warte auf die KI-Kalibrierung, die das Problem voraussichtlich innerhalb der nächsten 24 Stunden beheben wird. Meine Konfiguration umfasst die neueste App-Version, die auf einem Android-Gerät mit dem neuesten Betriebssystem läuft. Ich habe dieses Problem ständig.', 'Kritisches Problem: Sofortige Unterstützung bei der Farbanpassung erforderlich\nSehr geehrte Support-Mitarbeiter,\\n\\nich schreibe Ihnen, um Sie über ein ernstes Problem zu informieren, das sich negativ auf das Kundenerlebnis bei Ulta Beauty auswirkt. Wir stoßen auf weit verbreitete Ungenauigkeiten bei der Farbanpassung, was zu Verzögerungen bei der Veröffentlichung unserer neuen Paletten führt. Diese Störung beeinträchtigt unsere Fähigkeit, das Serviceniveau zu bieten, das unsere Kunden erwarten. Dieses Problem wurde auf mehreren Geräten und Browsern beobachtet, wie z. B. Windows 10 mit Google Chrome und iOS mit Safari.\\n\\nZu Ihrer Information habe ich einen Screenshot der Fehlermeldung beigefügt.\\n\\nIhre umgehende Aufmerksamkeit in dieser Angelegenheit wird sehr geschätzt.', 'Frage zur Beauty-Produktkollektion\nHallo Support-Team,\\n\\nich kontaktiere Sie, um Informationen zur Verfügbarkeit der neuesten Make-up-Palette von BrandPulse Digital zu erhalten. Insbesondere suche ich nach Unterstützung bei der Farbanpassung und würde mich sehr über Details zum Erscheinungsdatum freuen. Ich bin ein treuer Kunde und ein großer Fan der Marke, und ich freue mich sehr über diese Neuerscheinungen. Können Sie mir Details zu kommenden Produkteinführungen mitteilen, einschließlich erster Einblicke und vorläufiger Details? Ich wäre Ihnen auch dankbar für Empfehlungen zur Farbanpassung, da ich in der Vergangenheit ein wenig Mühe hatte, meine perfekte Übereinstimmung zu finden. Ich habe versucht']"
11,29,11_login_problem_loginprobleme_bei,"['login', 'problem', 'loginprobleme', 'bei', 'das', 'browser', 'ich', 'anmeldung', 'der', 'to']","['Probleme mit der Anmeldung - Zugriff auf mein Konto\nSehr geehrte Kundensupport-Team, ich habe ein Problem mit der Anmeldung meines Kontos. Ich kann plötzlich nicht mehr mein Konto öffnen. Ich vermute, dass dies auf eine veraltete Version des Browsers zurückzuführen ist. Bislang habe ich versucht, den Cache zu leeren und den Browser neu zu starten, aber das Problem behält sich bestehen. Ich würde sehr schätzen, wenn Sie mir dabei helfen könnten, das Problem zu lösen. Bitte teilen Sie mir mit, ob es weitere Schritte für mich gibt, die ich unternehmen kann, oder ob Sie weitere Informationen benötigen. Vielen Dank für Ihre Zeit und Unterstützung. Ich freue mich darauf, von Ihnen zu hören.', 'Problem mit Login-Fehler bei Zugriff auf Plattform\nBetreff: Kritisches Login-Fehler-Problem bei Zugriff auf Plattform\\n\\nSehr geehrte Kundensupport,\\n\\nich möchte Sie auf ein kritisches Problem aufmerksam machen, das aktuell von Nutzern beobachtet wird. Benutzer erleben abwechselnde Login-Fehler, was zu Schwierigkeiten bei der Plattformnutzung führt. Das Problem scheint auf Serverüberlastung und die neuesten Updates zurückzuführen. Durch Neustart der Anwendung und Löschen der Cache-Dateien konnte das Problem für einige Nutzer gelöst werden. Die Vorkommnisse sind jedoch zufällig und machen es schwierig, den genauen Ursprung des Problems zu identifizieren. Allerdings ist es offensichtlich, dass das Problem verschiedene Nutzer und Geräte betroffen hat.\\n\\nIch bitte Sie, die Lage umgehend zu konzentrieren. Könnten Sie mir bitte mehr Informationen zur Verfügung stellen, insbesondere die Fehlermeldungen, die Sie bei den Login-Versuchen erhalten haben, und ungefähre Zeitpunkte der Vorkommnisse? Es wäre sehr hilfreich, wenn wir telefonisch weitere Details besprechen könnten.', 'Problem mit Login-Fehler bei Zugriff auf Plattform\nBetreff: Kritisches Login-Fehler-Problem bei Zugriff auf Plattform\\n\\nSehr geehrte Kundensupport,\\n\\nich möchte Sie auf ein kritisches Problem aufmerksam machen, das aktuell von Nutzern beobachtet wird. Benutzer erleben abwechselnde Login-Fehler, was zu Schwierigkeiten bei der Plattformnutzung führt. Das Problem scheint auf Serverüberlastung und die neuesten Updates zurückzuführen. Durch Neustart der Anwendung und Löschen der Cache-Dateien konnte das Problem für einige Nutzer gelöst werden. Die Vorkommnisse sind jedoch zufällig und machen es schwierig, den genauen Ursprung des Problems zu identifizieren. Allerdings ist es offensichtlich, dass das Problem verschiedene Nutzer und Geräte betroffen hat.\\n\\nIch bitte Sie, die Lage umgehend zu konzentrieren. Könnten Sie mir bitte mehr Informationen zur Verfügung stellen, insbesondere die Fehlermeldungen, die Sie bei den Login-Versuchen erhalten haben, und ungefähre Zeitpunkte der Vorkommnisse? Es wäre sehr hilfreich, wenn wir telefonisch weitere Details besprechen könnten.']"
12,21,12_ebooks_auf_ebook_zugriff,"['ebooks', 'auf', 'ebook', 'zugriff', 'problem', 'beim', 'ich', 'schler', 'drmfehler', 'drm']","['Dringend: E-Book-Zugriff stark beeinträchtigt durch DRM-Fehler\nSehr geehrtes Support-Team,\\n\\nich schreibe Ihnen, um ein kritisches Problem mit dem E-Book-DRM-System zu melden. Derzeit können Benutzer aufgrund eines systemweiten DRM-Fehlers nicht auf die spielerischen Lernmodule zugreifen. Dieses Zugriffsproblem tritt auf verschiedenen Geräten und Browsern auf, wie z. B. Chrome und Firefox unter Windows 10, macOS und mobilen Geräten. Ich habe versucht, das Problem zu beheben, indem ich Updates überprüft und Browser-Caches geleert habe; das Problem besteht jedoch weiterhin. Ihre Unterstützung bei der Lösung dieses Problems wird sehr geschätzt.', 'Problem beim Öffnen von E-Books\nHallo Support,\\nich habe Probleme beim Öffnen der E-Books, die ich über meinen Nook GlowLight gekauft habe. Als EduFlex-Nutzer erhalte ich DRM-Fehler, die mich daran hindern, meine Bücher zu lesen. Ich habe zwar einen Workaround gefunden, um sie herunterzuladen, aber das ist keine langfristige Lösung. Das Neustarten des Geräts und die Überprüfung auf aktuelle Software hat das Problem nicht behoben. Ich hoffe, Sie können das Problem untersuchen und innerhalb der nächsten 24 Stunden eine Lösung anbieten. Bitte sagen Sie mir, wenn Sie weitere Informationen benötigen.', 'Problem beim Zugriff auf E-Book auf dem Nook-Gerät\nSehr geehrte Support-Mitarbeiter,\\n\\nich schreibe Ihnen, um ein Problem zu melden, das ich beim Zugriff auf die E-Books habe, die ich auf meinem Nook GlowLight als EduFlex-Benutzer gekauft habe. Ich stoße auf DRM-Fehler, und diese Fehler verhindern, dass ich die Bücher lesen kann. Ich konnte zwar einen temporären Workaround zum Herunterladen von Büchern finden, suche aber nach einer permanenten Lösung. Ich wäre Ihnen sehr dankbar, wenn Sie diese Angelegenheit untersuchen und innerhalb der nächsten 24 Stunden eine Lösung anbieten könnten.\\n\\nIch habe bereits versucht, das Problem zu beheben, indem ich mein Gerät neu gestartet und nach Software-Updates gesucht habe. Das Problem besteht jedoch weiterhin. Bitte informieren Sie mich, wenn Sie weitere Informationen von meiner Seite benötigen.']"
13,15,13_adobe_the_to_2021,"['adobe', 'the', 'to', '2021', 'sign', 'integration', 'premiere', 'pro', 'with', 'and']","['Assistance with Markenagentur Issues in Adobe Sign\nFacing difficulties with Markenagentur and Adobe Sign, where customer signatures are not being processed correctly. It seems these issues are due to conflicts with the latest software updates and existing configurations. Despite attempts at problem resolution, such as clearing caches and re-installing the program, the issue persists. Also, a system startup check for new updates did not resolve the problem. I would appreciate it if you could provide a quick solution. Please inform us if further information is needed to resolve the issue.', 'Trouble with Adobe Premiere Pro Assets\nDear Customer Support, I am encountering issues while processing digital kits in Adobe Premiere Pro 2021. The problem might be due to an incompatible plugin or an outdated software version. I have already restarted my system and checked for updates, but the issue persists. I have also confirmed that my system meets the minimum requirements for the software. It would be greatly appreciated if you could provide a solution or guide me through the troubleshooting process. Please share with me any additional information needed to resolve the issue. Thank you for your time and assistance. I look forward to hearing from you soon.', 'Issues with Adobe Effects\nThe marketing team is encountering startup errors with Adobe Effects 2021, when using OBS Studio 27. The problems seem to be related to compatibility issues and hardware limitations, possibly due to the gaming monitor. The team has already tried updating the software, checking hardware settings, and reinstalling the programs, but the issues persist. They are seeking assistance to resolve the problem as it is impacting their productivity. Could you please provide a solution and start the troubleshooting process?']"
14,11,14_ich_bentige_diese_flughafentransfers,"['ich', 'bentige', 'diese', 'flughafentransfers', 'anfrage', 'ihnen', 'mir', 'fr', 'und', 'sie']","['Anfrage bezüglich früherer Flugbuchungsinformationen\nGuten Tag, Support-Team. Ich schreibe Ihnen, um frühere Flugbuchungsunterlagen über den Concierge-Service anzufordern, da ich Mitglied des Treueprogramms bin. Ich benötige diese Unterlagen für Dokumentations- und Archivierungszwecke. Ich wäre Ihnen dankbar, wenn Sie mir diese Informationen so bald wie möglich zukommen lassen könnten. Bitte teilen Sie mir mit, ob weitere Details zur Bearbeitung dieser Anfrage erforderlich sind. Ich erwarte Ihre prompte Antwort und danke Ihnen im Voraus für Ihre Unterstützung. Mit freundlichen Grüßen, <name>', 'Anfrage für Belege für Flughafentransfers\nSehr geehrte Damen und Herren,\\n\\nich schreibe Ihnen, um Unterstützung bei der Beschaffung von früheren Fahrtaufzeichnungen im Zusammenhang mit Flughafentransfers von EcoTransit CarShare zu erhalten. Ich benötige diese Aufzeichnungen, um meine Reisekostenabrechnungen abzugleichen, und ich habe Schwierigkeiten, sie in meinem Konto zu finden. Ich benötige insbesondere Fahrtendetails der letzten sechs Monate, die die Daten, Zeiten, Abhol- und Ankunftsorte sowie die Kosten jeder Fahrt enthalten sollten. Ich habe bereits versucht, auf diese Informationen zuzugreifen, indem ich mich in mein Konto eingeloggt und die Fahrtenhistorie eingesehen habe, aber ich kann nur die letzten Fahrten sehen. Ihre Hilfe bei der Bereitstellung dieser Aufzeichnungen wäre sehr willkommen.', 'Anfrage für Fahrtbelege - Flughafentransfers\nSehr geehrte Damen und Herren,\\n\\nich schreibe Ihnen, um Zugang zu historischen EcoTransit CarShare-Fahrtinformationen im Zusammenhang mit Flughafentransfers zu erhalten. Ich benötige diese Aufzeichnungen, um Reisekostenabrechnungen ordnungsgemäß abzugleichen, da ich Schwierigkeiten habe, sie in meinem Konto zu finden.\\n\\nKonkret benötige ich Fahrtendetails der letzten 6 Monate. Diese sollten die Daten und Uhrzeiten der Fahrten, die Abhol- und Zielorte sowie die Gesamtkosten pro Fahrt enthalten. Ich habe bereits versucht, diese Informationen abzurufen, indem ich mich in mein Konto eingeloggt und die Fahrtverlauf eingesehen habe, aber ich kann nur auf die letzten Fahrten zugreifen. Ihre Unterstützung bei der Bereitstellung dieser Aufzeichnungen wäre sehr willkommen.']"
