topic_id,count,top_words,representative_tickets
-1,960,"['der', 'die', 'zu', 'problem', 'und', 'ich', 'das', 'um', 'sie', 'auf']","Istcstdliben bei digitalen Kampagnen Sehr geehrte Kundenservice, ich schreibe Ihnen, um einen Fehler bei meinen digitalen Kampagnen zu melden, der sich nicht mit Schoology und Twitch Studio synchronis | Probleme bei der Anmeldung - heute Sehr geehrte Kundenservice, ich möchte Ihnen mitteilen, dass ich ein Problem mit einer unerwarteten Anmeldedauer beobachtet habe. Die Verzögerung trat erst kürzlich  | Probleme mit den Integrationswerkzeugen Sehr geehrte Kundenservice, ich schreibe Ihnen, um mehrere integrierte Werkzeuge zu melden, die fehlerhaft zu sein scheinen. Das Problem könnte auf Kompatibilit"
0,1356,"['problem', 'der', 'zu', 'das', 'die', 'und', 'ich', 'mit', 'auf', 'bei']","Dringend: Recruiting-Plattform den ganzen Tag ausgefallen Sehr geehrte Damen und Herren vom Support,\n\nich melde mich, um ein kritisches Problem mit dem Recruiting-System zu melden, das seit heute Mo | Probleme mit nicht synchronisierten Projektterminplänen Sehr geehrte Kundensupport, ich melde mich, um ein Problem mit den Projektterminkalendern zu melden, die korrekt über mehrere Systeme nicht sync | Probleme bei der Überprüfung der Teilekompatibilität HalloSupport-Team,\n\nich schreibe Ihnen, um über zeitweise auftretende Fehler bei der Überprüfung der Teilekompatibilität innerhalb der Advance Au"
1,805,"['daten', 'und', 'die', 'zu', 'medizinischer', 'medizinische', 'um', 'in', 'sie', 'der']","Frage zu Schutzmaßnahmen für medizinische Daten Sehr geehrte Kundenservice, ich wende mich an Sie, um nach den von Ihnen empfohlenen Schutzmaßnahmen für die Sicherung medizinischer Daten in unserem Kr |  Sehr geehrter Kundenservice, ich kontaktiere Sie, um Ihre Unterstützung bei der Implementierung verbesserter Sicherheitsprotokolle zum Schutz medizinischer Daten zu erbitten. Es ist von entscheidende | Meldung über einen Verschlüsselungsfehler medizinischer Daten Beschreibung: Ein Verschlüsselungsfehler medizinischer Daten ist aufgetreten. Möglicherweise aufgrund eines Software-Update-Fehlers. Maßna"
2,614,"['und', 'ich', 'zu', 'integration', 'die', 'fr', 'mich', 'sie', 'von', 'zur']","Detaillierte Informationen zu Datenanalyse-Lösungen Sehr geehrte Kundensupport, ich hoffe, Sie gesund und wohlauf zu finden. Ich würde gerne mehr über Datenanalyse-Codes, deren Optimierung und Investi | Unterstützung für Mini-Beamer-Integration Sehr geehrte Customer Support-Team, ich möchte mich an Sie wenden, um mehr über die Möglichkeiten der Integration des Mini-Beamers mit Ihrem Projektmanagement | Support für Integration erforderlich Sehr geehrte Kundensupport, ich wende mich an Sie, um Unterstützung bei der Integration von Microsoft Translator in eine Projektmanagement-Software als Dienst (Saa"
3,554,"['die', 'digitalen', 'zu', 'und', 'strategien', 'digitale', 'digital', 'ich', 'sie', 'um']","Strategien für Markenwachstum Sehr geehrte Kundenservice, ich schreibe an, um Fragen zu digitalen Strategien zu stellen, wie man diese einsetzt, um das Markenwachstum zu fördern. Könnten Sie mir mehr  | Verbessern Sie Ihre Marke durch optimale Strategien Sehr geehrte Kundensupport, ich hoffe, es geht Ihnen gut. Ich möchte pesquisa, ob wir unsere digitalen Marketingstrategien verbessern können, um uns | Digitale Markenentwicklung Sehr geehrte Kundenservice, ich schreibe Ihnen, um Fragen zu digitalen Strategien zu stellen, insbesondere um Verbesserungen bei der Markenentwicklung für unsere Kunden zu e"
4,217,"['fr', 'anfrage', 'bezglich', 'die', 'ihnen', 'der', 'sie', 'um', 'und', 'diese']","Anfrage bezüglich der Daten des Schwachstellen-Scans Sehr geehrtes Support-Team,\n\nwir schreiben Ihnen, um Zugriff auf die Ergebnisse des Schwachstellen-Scans des letzten Quartals für das Kanban-Syst | Anfrage bezüglich der Verfügbarkeit von saisonalen Produkten Sehr geehrtes Support-Team,\n\nich schreibe Ihnen, um einen Bericht über die Verfügbarkeit saisonaler Produkte für EcoLogix CSA anzufordern | Anfrage bezüglich archivierter Bewässerungssystemzeichnungen Sehr geehrte Damen und Herren,\n\nich schreibe Ihnen, um archivierte Schaltpläne für CNC-Fräser anzufordern, insbesondere solche, die sich "
5,103,"['der', 'problem', 'zu', 'die', 'um', 'und', 'wir', 'mit', 'auf', 'das']","Wichtig: Sofortige Maßnahmen erforderlich - Fehlfunktion des Spamfilters An das Support-Team,\n\nich melde ein erhebliches Problem mit dem XenForo 2.2 Spamfilter. Trotz aktiver Filter, die den Benutze | Sofortige Aufmerksamkeit erforderlich: Fehlfunktion des Spamfilters Sehr geehrte Support-Mitarbeiter,\n\nich kontaktiere Sie, um ein erhebliches Problem mit dem XenForo 2.2 Spamfilter zu melden. Wir h | Schwerwiegendes Problem: Fehlfunktion des Spamfilters erfordert sofortige Aufmerksamkeit An das Support-Team,\n\nich schreibe Ihnen, um ein kritisches Problem mit dem XenForo 2.2 Spamfilter zu melden."
6,95,"['der', 'problem', 'billing', 'the', 'die', 'und', 'auf', 'lsung', 'to', 'bei']","Anfrage bezüglich der Überprüfung von Gutscheincodes Hallo Support-Team,\n\nich schreibe Ihnen, um Unterstützung bei Problemen mit der Validierung von Gutscheincodes anzufordern, die wir auf der E-Com | Unerwartete Kosten auf meiner letzten Rechnung In meiner letzten Rechnung waren unerwartete Kosten für nicht verwendete Produkte enthalten. Ich habe bereits meine Kontoeinstellungen und die Rechnungsd | Probleme mit fehlenden Produktgebühren Sehr geehrte Kundenservice-Abteilung, ich melde mich an, um ein Problem mit fehlenden Produktgebühren vorzubringen. Es scheint, dass verschiedene Gebühren nicht "
7,70,"['problem', 'der', 'ich', 'mit', 'habe', 'lsung', 'die', 'das', 'und', 'eine']","Problem mit der Synchronisierung von Untertiteln beim Streaming Sehr geehrtes Support-Team,\n\nich schreibe Ihnen, um ein Problem mit der Synchronisierung von Untertiteln beim Streaming auf meinem Eps | Problem mit der Untertitel-Synchronisation An das Support-Team,\n\nich melde ein Problem mit der Untertitel-Synchronisation, das ich auf der Streaming-Plattform beim Abspielen eines Films festgestellt | Bericht über ein Problem mit der Untertitel-Synchronisierung An das Support-Team,\n\nich schreibe Ihnen, um ein Problem mit der Untertitel-Synchronisierung zu melden, das auf der Streaming-Plattform w"
8,69,"['der', 'zu', 'das', 'fr', 'problem', 'die', 'ich', 'auf', 'mit', 'ist']","PetTaxi-Serviceunterbrechung verursacht heute Transportverzögerungen Support-Team, wir haben ein Problem mit dem EcoLogix PetTaxi-System. Dieser Ausfall führt zu Störungen bei geplanten Tiertransporte | Anfrage bezüglich Fehlfunktion der Haustierbuchungsfunktion Hallo Support-Team,\n\nich schreibe Ihnen, um ein Problem zu melden, das ich in der EcoTransit-Anwendung festgestellt habe. Insbesondere sch | Anfrage: Probleme mit dem Pet Wellness Portal Sehr geehrtes Support-Team,\n\nich schreibe Ihnen, um einige Probleme zu melden, die ich mit dem Pet Wellness Portal habe. Insbesondere treten beim Versuc"
9,47,"['investmentprognosen', 'investitionsprognosen', 'das', 'die', 'the', 'problem', 'zu', 'datenquellen', 'ungenaue', 'ich']","Nicht genaue Investment-Prognosen gemeldet Sehr geehrte Kundenservice, ich schreibe an dieser Stelle, um ungenaue Investment-Prognosen zu melden. Die prädiktiven Modelle haben aufgrund veralteter Mark | Bericht über ungenaue Investment-Prognose-Issue Es gibt Probleme mit ungenauen Investment-Prognosen, die auf Ungerechtigkeiten in der Datenanalyse-Modellierung zurückzuführen sind. Die veralteten Algo | Probleme mit Investment-Prognosen Sehr geehrte Kundenservice, ich schreibe an diesem Anliegen mit Bezug zur Unfähigkeit der Investment-Prognosen auf Ihrer Plattform. Kürzlich sind die Prognosen nicht "
10,34,"['farbanpassung', 'der', 'ich', 'bei', 'zu', 'fr', 'habe', 'die', 'bezglich', 'untersttzung']","Problem mit der Farbanpassung im Virtuellen Anprobieren Hallo Support-Team,\n\nich schreibe Ihnen, um ein Problem zu melden, das ich in der virtuellen Anprobierfunktion von YouCam Makeup festgestellt  | Kritisches Problem: Sofortige Unterstützung bei der Farbanpassung erforderlich Sehr geehrte Support-Mitarbeiter,\n\nich schreibe Ihnen, um Sie über ein ernstes Problem zu informieren, das sich negativ | Frage zur Beauty-Produktkollektion Hallo Support-Team,\n\nich kontaktiere Sie, um Informationen zur Verfügbarkeit der neuesten Make-up-Palette von BrandPulse Digital zu erhalten. Insbesondere suche ic"
11,29,"['login', 'problem', 'loginprobleme', 'bei', 'das', 'browser', 'ich', 'anmeldung', 'der', 'to']","Probleme mit der Anmeldung - Zugriff auf mein Konto Sehr geehrte Kundensupport-Team, ich habe ein Problem mit der Anmeldung meines Kontos. Ich kann plötzlich nicht mehr mein Konto öffnen. Ich vermute, | Problem mit Login-Fehler bei Zugriff auf Plattform Betreff: Kritisches Login-Fehler-Problem bei Zugriff auf Plattform\n\nSehr geehrte Kundensupport,\n\nich möchte Sie auf ein kritisches Problem aufmer | Problem mit Login-Fehler bei Zugriff auf Plattform Betreff: Kritisches Login-Fehler-Problem bei Zugriff auf Plattform\n\nSehr geehrte Kundensupport,\n\nich möchte Sie auf ein kritisches Problem aufmer"
12,21,"['ebooks', 'auf', 'ebook', 'zugriff', 'problem', 'beim', 'ich', 'schler', 'drmfehler', 'drm']","Dringend: E-Book-Zugriff stark beeinträchtigt durch DRM-Fehler Sehr geehrtes Support-Team,\n\nich schreibe Ihnen, um ein kritisches Problem mit dem E-Book-DRM-System zu melden. Derzeit können Benutzer | Problem beim Öffnen von E-Books Hallo Support,\nich habe Probleme beim Öffnen der E-Books, die ich über meinen Nook GlowLight gekauft habe. Als EduFlex-Nutzer erhalte ich DRM-Fehler, die mich daran hi | Problem beim Zugriff auf E-Book auf dem Nook-Gerät Sehr geehrte Support-Mitarbeiter,\n\nich schreibe Ihnen, um ein Problem zu melden, das ich beim Zugriff auf die E-Books habe, die ich auf meinem Nook"
13,15,"['adobe', 'the', 'to', '2021', 'sign', 'integration', 'premiere', 'pro', 'with', 'and']","Assistance with Markenagentur Issues in Adobe Sign Facing difficulties with Markenagentur and Adobe Sign, where customer signatures are not being processed correctly. It seems these issues are due to  | Trouble with Adobe Premiere Pro Assets Dear Customer Support, I am encountering issues while processing digital kits in Adobe Premiere Pro 2021. The problem might be due to an incompatible plugin or a | Issues with Adobe Effects The marketing team is encountering startup errors with Adobe Effects 2021, when using OBS Studio 27. The problems seem to be related to compatibility issues and hardware limi"
14,11,"['ich', 'bentige', 'diese', 'flughafentransfers', 'anfrage', 'ihnen', 'mir', 'fr', 'und', 'sie']","Anfrage bezüglich früherer Flugbuchungsinformationen Guten Tag, Support-Team. Ich schreibe Ihnen, um frühere Flugbuchungsunterlagen über den Concierge-Service anzufordern, da ich Mitglied des Treuepro | Anfrage für Belege für Flughafentransfers Sehr geehrte Damen und Herren,\n\nich schreibe Ihnen, um Unterstützung bei der Beschaffung von früheren Fahrtaufzeichnungen im Zusammenhang mit Flughafentrans | Anfrage für Fahrtbelege - Flughafentransfers Sehr geehrte Damen und Herren,\n\nich schreibe Ihnen, um Zugang zu historischen EcoTransit CarShare-Fahrtinformationen im Zusammenhang mit Flughafentransfe"
